log2h,normAerror,normMerror
-1.0,0.04719755119659785,0.6582248555013318
-2.0,0.011515159927462326,0.1296037448939616
-3.0,0.0024374855901554415,0.035367418535081324
-4.0,0.0006582768034466557,0.01613095595088257
-5.0,0.00016451234931280645,0.007359408641464235
-6.0,4.0314196810609104e-5,0.0033988234213869263
