log2h,normAerror,normMerror
-1.0,0.04719755119659741,0.33968762992437285
-2.0,0.011515159927462992,0.06955229666509906
-3.0,0.0024374855901549974,0.014240011124790826
-4.0,0.0006582768034466557,0.003687199113242275
-5.0,0.00016451234931325054,0.0008737279827197707
-6.0,4.031419681038706e-5,0.0001842070627654351
