log2h,normMerror
0.0,0.22736839774776643
-1.0,0.06863255723012252
-2.0,0.0064887240211549905
-3.0,0.002030471835039371
-4.0,0.0010518708381928173
