log2h,normMerror
0.0,0.5422921284787847
-0.4999999999999999,0.26909283088002306
-1.0,0.10780103817613712
-1.5,0.05126284587971435
-2.0,0.02730694630937502
-2.5,0.015351430969196991
-3.0,0.00803429478279178
