log2h,normMerror
-1.0,0.4171245714004973
-2.0,0.08968647226352153
-3.0,0.027518951919815605
-4.0,0.010310961621028075
-5.0,0.0031574492548768333
