log2h,normMerror
-1.0,8.138412969868817
-2.0,21.42538846697477
-3.0,19.300125692818664
-4.0,9.229120102458683
-5.0,7.036075905403895
