log2h,normMerror
0.0,0.04009792416498018
-1.0,0.030936945192908117
-2.0,0.017961566031371532
-3.0,0.009710810486059358
-4.0,0.005429866064686711
