log2h,normAerror,normMerror
-1.0,0.04719755119659785,42.92993205274655
-2.0,0.011515159927462326,26.64897151743049
-3.0,0.0024374855901554415,8.73120090508237
-4.0,0.0006582768034466557,6.674750862524531
-5.0,0.00016451234931280645,5.849334533989591
-6.0,4.0314196810609104e-5,5.505484375783544
