log2h,normMerror
0.0,0.22736839774776643
-0.4999999999999999,0.1447238737096843
-1.0,0.0686325572301226
-1.5,0.02429791008542415
-2.0,0.0064887240211549905
-2.5,0.002348132479495268
-3.0,0.0020304718350393765
