log2h,normMerror
-1.0,0.45355468058694715
-2.0,0.0919143908377003
-3.0,0.03111656979882052
-4.0,0.012206431336460422
-5.0,0.0046294644054239754
