log2h,normAerror,normMerror
-1.0,0.04719755119659785,0.7008298279991282
-2.0,0.011515159927462326,0.1628745444507727
-3.0,0.0024374855901554415,0.056144471107299296
-4.0,0.0006582768034466557,0.022602947537083
-5.0,0.00016451234931280645,0.010790783781368484
-6.0,4.0314196810609104e-5,0.005182668169666499
